empid,name,salary
EMP001,Employee 1,78569
EMP002,Employee 2,63702
EMP003,Employee 3,58526
EMP004,Employee 4,61155
EMP005,Employee 5,74629
EMP006,Employee 6,64509
EMP007,Employee 7,64031
EMP008,Employee 8,79729
EMP009,Employee 9,47571
EMP010,Employee 10,74087
EMP011,Employee 11,72673
EMP012,Employee 12,70537
EMP013,Employee 13,52014
EMP014,Employee 14,68559
EMP015,Employee 15,65059
EMP016,Employee 16,46896
EMP017,Employee 17,63954
EMP018,Employee 18,63958
EMP019,Employee 19,47541
EMP020,Employee 20,64603
EMP021,Employee 21,57849
EMP022,Employee 22,77197
EMP023,Employee 23,40224
EMP024,Employee 24,61418
EMP025,Employee 25,43738
EMP026,Employee 26,72643
EMP027,Employee 27,79339
EMP028,Employee 28,70100
EMP029,Employee 29,50286
EMP030,Employee 30,60138
EMP031,Employee 31,58457
EMP032,Employee 32,57263
EMP033,Employee 33,44392
EMP034,Employee 34,42931
EMP035,Employee 35,47173
EMP036,Employee 36,63689
EMP037,Employee 37,77054
EMP038,Employee 38,68748
EMP039,Employee 39,41672
EMP040,Employee 40,69085
EMP041,Employee 41,77869
EMP042,Employee 42,46914
EMP043,Employee 43,63558
EMP044,Employee 44,52165
EMP045,Employee 45,50636
EMP046,Employee 46,61881
EMP047,Employee 47,56800
EMP048,Employee 48,74930
EMP049,Employee 49,41348
EMP050,Employee 50,74978
EMP051,Employee 51,60946
EMP052,Employee 52,58536
EMP053,Employee 53,64232
EMP054,Employee 54,68407
EMP055,Employee 55,64443
EMP056,Employee 56,47667
EMP057,Employee 57,64835
EMP058,Employee 58,42718
EMP059,Employee 59,50491
EMP060,Employee 60,52482
EMP061,Employee 61,74116
EMP062,Employee 62,78234
EMP063,Employee 63,71353
EMP064,Employee 64,43127
EMP065,Employee 65,53398
EMP066,Employee 66,45364
EMP067,Employee 67,70537
EMP068,Employee 68,41559
EMP069,Employee 69,57866
EMP070,Employee 70,76228
EMP071,Employee 71,55334
EMP072,Employee 72,57564
EMP073,Employee 73,47287
EMP074,Employee 74,53747
EMP075,Employee 75,74582
EMP076,Employee 76,60962
EMP077,Employee 77,49230
EMP078,Employee 78,42351
EMP079,Employee 79,67742
EMP080,Employee 80,50336
EMP081,Employee 81,64639
EMP082,Employee 82,40109
EMP083,Employee 83,79663
EMP084,Employee 84,50557
EMP085,Employee 85,68844
EMP086,Employee 86,55201
EMP087,Employee 87,43188
EMP088,Employee 88,59747
EMP089,Employee 89,66099
EMP090,Employee 90,49598
EMP091,Employee 91,54835
EMP092,Employee 92,43089
EMP093,Employee 93,66468
EMP094,Employee 94,56873
EMP095,Employee 95,40992
EMP096,Employee 96,69069
EMP097,Employee 97,59849
EMP098,Employee 98,61842
EMP099,Employee 99,71053
EMP100,Employee 100,58625
